{"cameraMode":{"drawMode":0,"name":"Shaded","section":"Shading Mode"},"sceneLighting":true,"audioPlay":false,"sceneViewState":{"showFog":true,"showMaterialUpdate":false,"showSkybox":true,"showFlares":true,"showImageEffects":true,"showParticleSystems":true},"in2DMode":false,"pivot":{"x":0.7479801177978516,"y":2.473294734954834,"z":-7.3401079177856449},"rotation":{"x":-0.03470832109451294,"y":0.2645333707332611,"z":0.009527325630187989,"w":0.9637049436569214},"size":6.044973373413086,"orthographic":false}