{"cameraMode":{"drawMode":0,"name":"Shaded","section":"Shading Mode"},"sceneLighting":true,"audioPlay":false,"sceneViewState":{"showFog":true,"showMaterialUpdate":false,"showSkybox":true,"showFlares":true,"showImageEffects":true,"showParticleSystems":true},"in2DMode":false,"pivot":{"x":-13.395662307739258,"y":0.9166600108146668,"z":-5.650638580322266},"rotation":{"x":-0.03483721986413002,"y":-0.9408208131790161,"z":0.1020054742693901,"w":-0.3213109076023102},"size":4.229687690734863,"orthographic":true}