{"cameraMode":{"drawMode":0,"name":"Shaded","section":"Shading Mode"},"sceneLighting":true,"audioPlay":false,"sceneViewState":{"showFog":true,"showMaterialUpdate":false,"showSkybox":true,"showFlares":true,"showImageEffects":true,"showParticleSystems":true},"in2DMode":false,"pivot":{"x":1.0930854082107545,"y":3.7917027473449709,"z":-0.20649659633636475},"rotation":{"x":-0.03483721986413002,"y":-0.9408208131790161,"z":0.1020054742693901,"w":-0.3213109076023102},"size":5.32409143447876,"orthographic":true}