{"cameraMode":{"drawMode":0,"name":"Shaded","section":"Shading Mode"},"sceneLighting":true,"audioPlay":false,"sceneViewState":{"showFog":true,"showMaterialUpdate":false,"showSkybox":true,"showFlares":true,"showImageEffects":true,"showParticleSystems":true},"in2DMode":false,"pivot":{"x":0.13639962673187257,"y":3.7917027473449709,"z":-0.9462327361106873},"rotation":{"x":-0.03483721986413002,"y":-0.9408208131790161,"z":0.1020054742693901,"w":-0.3213109076023102},"size":4.128305435180664,"orthographic":true}